participant_id,intervention,time_months,digital_skills
P001,Control,0,44.954447544993194
P001,Control,3,48.8552824345318
P001,Control,6,56.47061601289766
P002,Control,0,33.562402442081066
P002,Control,3,36.046635404275136
P002,Control,6,40.69422055783326
P003,Control,0,41.529410119098905
P003,Control,3,39.75070825481739
P003,Control,6,48.516460210130816
P004,Control,0,37.70257943620513
P004,Control,3,41.27874158318398
P004,Control,6,47.077503343941885
P005,Control,0,33.46986116653962
P005,Control,3,33.24823945064748
P005,Control,6,37.03910706245493
P006,Control,0,17.967378368577847
P006,Control,3,21.39399588683446
P006,Control,6,28.78108384252935
P007,Control,0,33.091435173210684
P007,Control,3,33.14142144251553
P007,Control,6,36.25926321285024
P008,Control,0,33.678387170876626
P008,Control,3,31.13403856387386
P008,Control,6,33.92793634623323
P009,Control,0,40.53752152477086
P009,Control,3,40.342569725087564
P009,Control,6,45.62206477014284
P010,Control,0,41.28474920487643
P010,Control,3,41.917094677106995
P010,Control,6,40.11987234364216
P011,Control,0,37.78993641459061
P011,Control,3,37.423021478340665
P011,Control,6,39.10497045577597
P012,Control,0,36.77361545187582
P012,Control,3,41.43240938179472
P012,Control,6,47.85437814687691
P013,Control,0,39.60264051470424
P013,Control,3,38.20867375594345
P013,Control,6,41.50415499343905
P014,Control,0,34.554564360005216
P014,Control,3,41.249039601293845
P014,Control,6,44.66532557574936
P015,Control,0,14.761754142832245
P015,Control,3,22.02596713604382
P015,Control,6,25.48740825690104
P016,Control,0,50.11870617992361
P016,Control,3,49.647809357240384
P016,Control,6,50.434504155792226
P017,Control,0,48.77746390488469
P017,Control,3,44.154725681274236
P017,Control,6,48.20568490070565
P018,Control,0,39.78867739614624
P018,Control,3,47.85748752451266
P018,Control,6,47.867056369201
P019,Control,0,33.63887101820961
P019,Control,3,39.977952091648156
P019,Control,6,38.30709243379928
P020,Control,0,44.42786551250243
P020,Control,3,47.57191721080368
P020,Control,6,49.36496289247957
P021,Control,0,36.92484765219473
P021,Control,3,38.87913293731437
P021,Control,6,38.91091500701099
P022,Control,0,41.55702493112729
P022,Control,3,37.901141161573506
P022,Control,6,39.8750237516125
P023,Control,0,26.264224503220927
P023,Control,3,36.6127558028368
P023,Control,6,36.07841546338725
P024,Control,0,53.53075647859777
P024,Control,3,45.392148641540636
P024,Control,6,49.73609687317455
P025,Control,0,43.85897509799053
P025,Control,3,47.79197634042677
P025,Control,6,40.825965015743776
P026,Control,0,48.25574517600674
P026,Control,3,51.295632047052784
P026,Control,6,51.418069256577105
P027,Control,0,56.059721868155044
P027,Control,3,57.214170300901976
P027,Control,6,63.18257231831432
P028,Control,0,41.050123462758776
P028,Control,3,42.09510995453025
P028,Control,6,50.630758849267735
P029,Control,0,47.48975338503877
P029,Control,3,49.13117289945837
P029,Control,6,52.09050839908885
P030,Control,0,53.1626395829927
P030,Control,3,54.056119881906135
P030,Control,6,55.37611284801115
P031,Control,0,29.91143618885963
P031,Control,3,37.35128532298152
P031,Control,6,36.22830215380325
P032,Control,0,38.62833356016769
P032,Control,3,41.00475278573517
P032,Control,6,46.419334025837315
P033,Control,0,37.91016346509536
P033,Control,3,37.59174182121297
P033,Control,6,45.6905185238574
P034,Control,0,44.12084390527538
P034,Control,3,46.334504913205706
P034,Control,6,48.24766657480333
P035,Control,0,45.112513433755396
P035,Control,3,41.805473420409605
P035,Control,6,44.39364137347538
P036,Control,0,51.524369435679425
P036,Control,3,54.33600536074731
P036,Control,6,59.07149863556315
P037,Control,0,44.713771010664715
P037,Control,3,47.001878966249826
P037,Control,6,48.99618382207672
P038,Control,0,30.749676005130922
P038,Control,3,38.72533891982584
P038,Control,6,31.82002115683309
P039,Control,0,39.715553602513936
P039,Control,3,45.73357384887475
P039,Control,6,48.205502305351125
P040,Control,0,31.35103769324983
P040,Control,3,32.36004813736216
P040,Control,6,35.40321205649236
P041,Control,0,34.10755758611378
P041,Control,3,28.048087472329676
P041,Control,6,31.685572456806824
P042,Control,0,42.35069016168917
P042,Control,3,49.64205997207334
P042,Control,6,49.31279109121231
P043,Control,0,27.838328815512124
P043,Control,3,30.694187254107785
P043,Control,6,32.6144682884628
P044,Control,0,43.90898867278765
P044,Control,3,46.711023538623834
P044,Control,6,48.36893546194832
P045,Control,0,34.310432028252215
P045,Control,3,29.907200338057113
P045,Control,6,41.46918818992247
P046,Control,0,50.79111236836961
P046,Control,3,53.998735544813385
P046,Control,6,49.61573485973203
P047,Control,0,44.598636269094094
P047,Control,3,50.37055281620527
P047,Control,6,50.949565759896345
P048,Control,0,37.56585996261946
P048,Control,3,33.43968956045677
P048,Control,6,39.41280726349008
P049,Control,0,44.86158574767894
P049,Control,3,41.82653972842146
P049,Control,6,49.08875806804171
P050,Control,0,43.45906851830241
P050,Control,3,42.32480015078977
P050,Control,6,46.466680986805194
P051,Control,0,25.064594867486534
P051,Control,3,37.789372636498015
P051,Control,6,25.381951449847463
P052,Control,0,39.331804909543536
P052,Control,3,38.13777759620335
P052,Control,6,35.74850689006773
P053,Control,0,33.54638212073016
P053,Control,3,34.14807369611619
P053,Control,6,42.75830826699848
P054,Control,0,40.28562892143394
P054,Control,3,48.384271270921275
P054,Control,6,46.81013777741545
P055,Control,0,31.67196911132666
P055,Control,3,35.87353576587306
P055,Control,6,35.31894860784515
P056,Control,0,32.145871962556
P056,Control,3,45.58106841690817
P056,Control,6,46.266633776213204
P057,Control,0,30.529959584371404
P057,Control,3,24.55922473632331
P057,Control,6,29.07195075036252
P058,Control,0,29.34997401754158
P058,Control,3,36.12344422060502
P058,Control,6,38.95476853011053
P059,Control,0,41.639423544434756
P059,Control,3,44.61618176173632
P059,Control,6,51.8053297304582
P060,Control,0,35.22025218752985
P060,Control,3,34.75187116803456
P060,Control,6,34.592714513366545
P061,Training,0,41.67981066936281
P061,Training,3,42.807224056408074
P061,Training,6,49.88703540973147
P062,Training,0,37.49209150106932
P062,Training,3,47.551713769062054
P062,Training,6,57.576955463719564
P063,Training,0,36.33759237271037
P063,Training,3,38.12423176592702
P063,Training,6,49.888921845373744
P064,Training,0,35.88186724358918
P064,Training,3,42.22333293392648
P064,Training,6,52.01907360060789
P065,Training,0,32.46865939700203
P065,Training,3,31.082557989355887
P065,Training,6,38.613329560877105
P066,Training,0,31.44464722108797
P066,Training,3,43.50956526465033
P066,Training,6,43.44094084660332
P067,Training,0,20.493699155442307
P067,Training,3,36.49443605389168
P067,Training,6,41.03303392777854
P068,Training,0,50.950184131945704
P068,Training,3,53.106048484128976
P068,Training,6,56.35022646431526
P069,Training,0,33.262286770586854
P069,Training,3,33.64798282281453
P069,Training,6,49.35843864303979
P070,Training,0,41.420508667783224
P070,Training,3,45.622323642861936
P070,Training,6,43.423414900520264
P071,Training,0,45.71269030608961
P071,Training,3,52.93287145921327
P071,Training,6,55.83462855759875
P072,Training,0,40.21012274607306
P072,Training,3,48.61850482746736
P072,Training,6,49.95729465756779
P073,Training,0,52.67914381047095
P073,Training,3,61.74464272382879
P073,Training,6,67.34334429615463
P074,Training,0,42.653834083267014
P074,Training,3,39.28787162466454
P074,Training,6,46.47231195011691
P075,Training,0,46.29649775601
P075,Training,3,49.00311785655421
P075,Training,6,53.31956524204547
P076,Training,0,33.23458085182629
P076,Training,3,33.33624306312226
P076,Training,6,43.70368692892162
P077,Training,0,64.02474783050152
P077,Training,3,66.56855658503562
P077,Training,6,64.28729782931444
P078,Training,0,37.96312932547638
P078,Training,3,45.34301430239579
P078,Training,6,45.2257901302233
P079,Training,0,32.218317113480246
P079,Training,3,43.03597660649946
P079,Training,6,43.49316799629841
P080,Training,0,50.59653169763343
P080,Training,3,46.86778263223438
P080,Training,6,52.3945129995287
P081,Training,0,32.68200601126922
P081,Training,3,38.076993988707
P081,Training,6,37.938580741387376
P082,Training,0,49.177623475251806
P082,Training,3,62.82061454156832
P082,Training,6,67.50019954659524
P083,Training,0,33.92796713992652
P083,Training,3,37.35568761849945
P083,Training,6,35.4841839574439
P084,Training,0,21.458935759931663
P084,Training,3,35.63232182286716
P084,Training,6,31.872276077263404
P085,Training,0,37.084087444763526
P085,Training,3,48.19654237240818
P085,Training,6,45.84453286207574
P086,Training,0,45.41426331117044
P086,Training,3,55.275180121175836
P086,Training,6,56.90702459187983
P087,Training,0,38.40379263508621
P087,Training,3,40.56540552730564
P087,Training,6,51.106999000959675
P088,Training,0,34.908603724723854
P088,Training,3,36.668893081053554
P088,Training,6,45.115582447677895
P089,Training,0,49.26997193134833
P089,Training,3,53.081129921029934
P089,Training,6,58.44904277560566
P090,Training,0,57.380605172022705
P090,Training,3,66.46640534165807
P090,Training,6,76.06833553249946
P091,Training,0,24.94288821101974
P091,Training,3,32.402254371595475
P091,Training,6,28.9377662721396
P092,Training,0,50.86301190127055
P092,Training,3,61.46906653931299
P092,Training,6,59.51133167643725
P093,Training,0,31.974282884906437
P093,Training,3,41.71338537529459
P093,Training,6,42.13269241310036
P094,Training,0,44.91165876081203
P094,Training,3,49.07628725407014
P094,Training,6,58.244706291974204
P095,Training,0,23.337861135781644
P095,Training,3,29.247379298590516
P095,Training,6,30.98265386494391
P096,Training,0,39.21847983717415
P096,Training,3,41.58981386719229
P096,Training,6,50.60772407449191
P097,Training,0,30.68511610905425
P097,Training,3,43.31305349333253
P097,Training,6,44.361482378114246
P098,Training,0,30.48382476278607
P098,Training,3,46.316694407095916
P098,Training,6,48.08236085526711
P099,Training,0,32.06500799032967
P099,Training,3,41.64593134936456
P099,Training,6,44.79576563018562
P100,Training,0,50.639510080401735
P100,Training,3,49.118873194218224
P100,Training,6,59.49756870415543
P101,Training,0,51.15561527298879
P101,Training,3,56.71153189772115
P101,Training,6,61.43531438437398
P102,Training,0,37.695347904625905
P102,Training,3,33.01959134291337
P102,Training,6,36.20346746077718
P103,Training,0,38.390838288266615
P103,Training,3,40.38290556088235
P103,Training,6,46.5201496019934
P104,Training,0,28.717521500494698
P104,Training,3,37.16424838747007
P104,Training,6,38.401607634042314
P105,Training,0,49.610191930291194
P105,Training,3,51.35764573501753
P105,Training,6,54.03340691402369
P106,Training,0,48.874202336785935
P106,Training,3,48.13416682293777
P106,Training,6,54.54759827836553
P107,Training,0,25.43034565046346
P107,Training,3,36.59640764889603
P107,Training,6,34.46487528348986
P108,Training,0,55.18303973322675
P108,Training,3,52.057370359982514
P108,Training,6,57.1588863833903
P109,Training,0,30.16891054456878
P109,Training,3,37.85976211778257
P109,Training,6,40.21374671518077
P110,Training,0,33.673580105917154
P110,Training,3,37.4733459907468
P110,Training,6,43.22693639646259
P111,Training,0,34.58884909352001
P111,Training,3,30.328812390996823
P111,Training,6,39.42169883737026
P112,Training,0,33.74452049006575
P112,Training,3,40.57338381069372
P112,Training,6,41.662307725085896
P113,Training,0,37.96851946646936
P113,Training,3,42.92333999754446
P113,Training,6,49.85634844852896
P114,Training,0,46.09420520267931
P114,Training,3,48.46864834347641
P114,Training,6,57.02361209185972
P115,Training,0,36.094472174561766
P115,Training,3,40.05654193418964
P115,Training,6,50.045021170724624
P116,Training,0,39.239321196401164
P116,Training,3,42.47508794207926
P116,Training,6,50.891178910451096
P117,Training,0,36.952320389191954
P117,Training,3,36.53551375690441
P117,Training,6,38.814637498020744
P118,Training,0,49.69807899399445
P118,Training,3,57.70615604289686
P118,Training,6,61.28051537278065
P119,Training,0,55.83736353882391
P119,Training,3,62.94842715938602
P119,Training,6,63.931623100520824
P120,Training,0,30.84246455149576
P120,Training,3,35.091964390321586
P120,Training,6,42.433648247967966
